id,date,time,quantity,code
1,2025-08-04,12:42:45,4,ORD00001
2,2025-07-28,10:26:54,2,ORD00002
3,2025-09-25,11:48:22,4,ORD00003
4,2025-08-12,13:13:22,5,ORD00004
5,2025-09-15,19:34:02,4,ORD00005
6,2025-09-02,20:28:40,5,ORD00006
7,2025-08-19,14:02:26,3,ORD00007
8,2025-08-21,01:30:31,4,ORD00008
9,2025-08-16,02:48:01,1,ORD00009
10,2025-08-20,09:22:43,5,ORD00010
11,2025-08-07,20:54:27,4,ORD00011
12,2025-08-02,16:06:36,3,ORD00012
13,2025-08-11,20:16:49,1,ORD00013
14,2025-09-02,05:29:22,2,ORD00014
15,2025-08-04,10:49:14,2,ORD00015
16,2025-08-03,05:03:15,1,ORD00016
17,2025-08-16,00:27:45,4,ORD00017
18,2025-08-16,00:15:20,5,ORD00018
19,2025-08-02,14:11:13,1,ORD00019
20,2025-08-18,07:14:18,1,ORD00020
21,2025-08-13,18:58:33,2,ORD00021
22,2025-07-28,18:36:59,2,ORD00022
23,2025-09-03,16:05:43,5,ORD00023
24,2025-07-30,12:08:38,1,ORD00024
25,2025-09-12,00:43:33,4,ORD00025
26,2025-08-08,05:11:48,5,ORD00026
27,2025-09-01,09:04:52,2,ORD00027
28,2025-08-31,11:00:59,4,ORD00028
29,2025-07-28,04:14:11,1,ORD00029
30,2025-09-03,22:02:57,5,ORD00030
31,2025-08-06,16:09:57,2,ORD00031
32,2025-08-08,05:53:35,5,ORD00032
33,2025-08-30,23:50:12,4,ORD00033
34,2025-09-05,19:05:30,3,ORD00034
35,2025-09-05,23:20:26,3,ORD00035
36,2025-09-10,09:36:28,5,ORD00036
37,2025-09-01,18:49:04,2,ORD00037
38,2025-09-08,15:12:23,4,ORD00038
39,2025-09-22,07:19:23,4,ORD00039
40,2025-09-07,13:47:57,4,ORD00040
41,2025-09-15,17:06:10,4,ORD00041
42,2025-08-17,00:26:55,1,ORD00042
43,2025-08-20,03:54:04,4,ORD00043
44,2025-07-28,14:31:15,5,ORD00044
45,2025-07-31,23:11:04,3,ORD00045
46,2025-08-25,04:35:00,2,ORD00046
47,2025-09-07,14:33:46,5,ORD00047
48,2025-08-12,07:42:05,1,ORD00048
49,2025-09-25,22:47:00,5,ORD00049
50,2025-08-24,23:45:00,1,ORD00050
51,2025-09-13,07:20:35,3,ORD00051
52,2025-08-30,05:53:43,4,ORD00052
53,2025-08-13,11:30:07,3,ORD00053
54,2025-08-29,07:08:25,5,ORD00054
55,2025-07-28,21:44:29,1,ORD00055
56,2025-09-01,19:11:15,4,ORD00056
57,2025-08-20,08:12:59,4,ORD00057
58,2025-08-22,12:11:41,5,ORD00058
59,2025-08-29,14:49:48,5,ORD00059
60,2025-08-12,12:52:45,5,ORD00060
61,2025-09-06,05:04:09,2,ORD00061
62,2025-08-01,14:37:54,1,ORD00062
63,2025-09-04,16:43:09,4,ORD00063
64,2025-08-17,18:03:55,3,ORD00064
65,2025-08-05,09:26:54,2,ORD00065
66,2025-09-14,12:28:04,1,ORD00066
67,2025-08-14,07:06:51,1,ORD00067
68,2025-07-31,03:13:29,4,ORD00068
69,2025-08-29,18:36:17,2,ORD00069
70,2025-08-11,16:30:30,1,ORD00070
71,2025-08-03,05:34:25,4,ORD00071
72,2025-08-15,17:28:07,3,ORD00072
73,2025-08-20,13:24:44,4,ORD00073
74,2025-08-28,21:15:50,5,ORD00074
75,2025-07-30,10:05:42,5,ORD00075
76,2025-08-12,06:37:49,1,ORD00076
77,2025-08-24,08:30:55,3,ORD00077
78,2025-08-10,23:45:29,3,ORD00078
79,2025-09-18,12:20:56,2,ORD00079
80,2025-08-02,18:31:43,1,ORD00080
81,2025-08-14,11:11:10,5,ORD00081
82,2025-08-06,04:01:58,4,ORD00082
83,2025-08-16,15:38:27,5,ORD00083
84,2025-08-16,10:59:21,3,ORD00084
85,2025-08-22,16:34:24,4,ORD00085
86,2025-09-22,03:53:29,1,ORD00086
87,2025-09-05,15:24:33,2,ORD00087
88,2025-09-21,01:05:32,3,ORD00088
89,2025-08-28,21:25:27,3,ORD00089
90,2025-08-30,21:29:06,2,ORD00090
91,2025-09-24,16:15:39,5,ORD00091
92,2025-08-03,05:08:36,4,ORD00092
93,2025-09-10,23:25:21,3,ORD00093
94,2025-09-21,10:18:11,3,ORD00094
95,2025-09-11,21:51:19,1,ORD00095
96,2025-08-14,18:16:48,1,ORD00096
97,2025-08-15,19:23:38,4,ORD00097
98,2025-08-22,04:33:58,5,ORD00098
99,2025-09-07,15:09:18,5,ORD00099
100,2025-09-08,18:17:39,3,ORD00100
101,2025-09-05,06:39:35,3,ORD00101
102,2025-08-07,08:49:31,1,ORD00102
103,2025-08-21,13:53:37,4,ORD00103
104,2025-08-24,22:33:15,2,ORD00104
105,2025-08-20,10:22:28,1,ORD00105
106,2025-09-02,22:51:32,2,ORD00106
107,2025-08-04,04:29:25,5,ORD00107
108,2025-09-13,13:17:40,4,ORD00108
109,2025-08-26,02:26:34,5,ORD00109
110,2025-08-23,01:51:14,4,ORD00110
111,2025-09-18,09:09:39,3,ORD00111
112,2025-08-19,01:05:18,2,ORD00112
113,2025-09-08,22:33:17,1,ORD00113
114,2025-08-29,02:41:36,3,ORD00114
115,2025-09-04,23:20:56,3,ORD00115
116,2025-09-22,12:55:30,1,ORD00116
117,2025-08-11,15:35:50,3,ORD00117
118,2025-08-21,06:07:32,1,ORD00118
119,2025-08-03,09:05:03,4,ORD00119
120,2025-08-18,23:18:29,5,ORD00120
121,2025-09-21,02:35:33,2,ORD00121
122,2025-08-17,13:37:01,3,ORD00122
123,2025-08-29,19:27:35,2,ORD00123
124,2025-08-20,14:30:31,1,ORD00124
125,2025-08-19,20:13:14,4,ORD00125
126,2025-08-07,19:06:25,1,ORD00126
127,2025-09-15,05:32:55,2,ORD00127
128,2025-08-07,12:12:47,1,ORD00128
129,2025-08-04,20:49:31,2,ORD00129
130,2025-09-23,11:31:27,5,ORD00130
131,2025-09-08,04:44:11,1,ORD00131
132,2025-09-18,11:47:52,2,ORD00132
133,2025-09-03,23:18:14,3,ORD00133
134,2025-08-18,16:32:13,1,ORD00134
135,2025-09-05,07:30:43,1,ORD00135
136,2025-07-29,19:22:31,2,ORD00136
137,2025-08-04,06:42:33,3,ORD00137
138,2025-09-10,14:24:09,2,ORD00138
139,2025-09-08,05:03:23,2,ORD00139
140,2025-09-14,18:02:49,2,ORD00140
141,2025-09-21,18:12:07,3,ORD00141
142,2025-08-17,19:58:41,5,ORD00142
143,2025-08-10,19:52:05,3,ORD00143
144,2025-09-19,08:16:59,4,ORD00144
145,2025-09-12,04:36:03,2,ORD00145
146,2025-08-19,18:40:47,5,ORD00146
147,2025-09-12,03:26:54,1,ORD00147
148,2025-09-23,05:51:02,4,ORD00148
149,2025-08-31,04:15:19,3,ORD00149
150,2025-09-14,09:28:48,5,ORD00150
151,2025-09-06,19:12:57,4,ORD00151
152,2025-09-14,14:40:04,2,ORD00152
153,2025-08-31,20:45:16,2,ORD00153
154,2025-09-02,11:31:35,5,ORD00154
155,2025-08-26,01:45:31,1,ORD00155
156,2025-08-21,10:43:14,1,ORD00156
157,2025-08-10,06:08:17,1,ORD00157
158,2025-08-16,01:30:53,3,ORD00158
159,2025-08-12,14:41:31,3,ORD00159
160,2025-09-13,20:01:55,1,ORD00160
161,2025-09-09,18:54:21,4,ORD00161
162,2025-08-01,17:20:23,2,ORD00162
163,2025-09-12,12:46:52,1,ORD00163
164,2025-09-22,17:15:29,2,ORD00164
165,2025-09-19,17:21:21,5,ORD00165
166,2025-09-13,17:43:51,5,ORD00166
167,2025-09-22,09:16:49,3,ORD00167
168,2025-09-01,01:41:50,3,ORD00168
169,2025-07-30,03:08:38,3,ORD00169
170,2025-08-15,22:57:45,2,ORD00170
171,2025-08-24,07:16:51,2,ORD00171
172,2025-08-03,02:47:19,2,ORD00172
173,2025-08-30,16:58:14,5,ORD00173
174,2025-09-08,15:01:31,4,ORD00174
175,2025-07-29,10:13:04,5,ORD00175
176,2025-09-17,11:20:38,4,ORD00176
177,2025-08-21,17:52:35,2,ORD00177
178,2025-09-22,04:53:29,4,ORD00178
179,2025-07-31,09:46:48,5,ORD00179
180,2025-08-28,05:19:03,4,ORD00180
181,2025-08-27,13:05:18,5,ORD00181
182,2025-09-09,13:44:17,3,ORD00182
183,2025-09-15,21:31:00,2,ORD00183
184,2025-07-31,19:22:23,5,ORD00184
185,2025-09-22,11:57:27,1,ORD00185
186,2025-08-23,13:22:53,4,ORD00186
187,2025-08-29,18:28:37,3,ORD00187
188,2025-09-02,20:29:06,3,ORD00188
189,2025-08-28,01:51:21,3,ORD00189
190,2025-08-01,03:59:30,3,ORD00190
191,2025-08-30,21:31:01,2,ORD00191
192,2025-08-06,07:54:45,5,ORD00192
193,2025-07-30,15:45:32,4,ORD00193
194,2025-09-11,19:29:42,2,ORD00194
195,2025-09-05,11:46:46,2,ORD00195
196,2025-09-18,16:49:02,2,ORD00196
197,2025-09-02,08:52:14,2,ORD00197
198,2025-09-13,13:55:18,2,ORD00198
199,2025-08-20,22:26:23,4,ORD00199
200,2025-08-29,05:17:02,4,ORD00200
201,2025-08-12,13:04:08,3,ORD00201
202,2025-08-04,00:21:56,3,ORD00202
203,2025-08-16,05:07:17,5,ORD00203
204,2025-09-10,03:04:15,3,ORD00204
205,2025-07-30,17:53:18,2,ORD00205
206,2025-08-23,23:02:38,1,ORD00206
207,2025-08-03,17:30:40,2,ORD00207
208,2025-09-12,11:11:43,1,ORD00208
209,2025-08-06,14:10:20,3,ORD00209
210,2025-09-09,16:40:44,2,ORD00210
211,2025-07-30,15:54:53,3,ORD00211
212,2025-09-05,06:43:04,5,ORD00212
213,2025-08-19,23:41:50,3,ORD00213
214,2025-08-12,12:47:46,4,ORD00214
215,2025-09-12,03:19:22,1,ORD00215
216,2025-08-12,17:57:18,5,ORD00216
217,2025-08-21,09:46:40,5,ORD00217
218,2025-08-10,10:02:59,1,ORD00218
219,2025-08-20,17:15:00,3,ORD00219
220,2025-08-24,13:09:59,2,ORD00220
221,2025-09-10,21:59:40,2,ORD00221
222,2025-08-03,11:00:15,2,ORD00222
223,2025-08-09,12:51:17,5,ORD00223
224,2025-08-21,12:47:25,1,ORD00224
225,2025-09-01,12:04:54,5,ORD00225
226,2025-09-07,02:52:51,5,ORD00226
227,2025-08-30,17:44:15,5,ORD00227
228,2025-08-17,12:12:13,4,ORD00228
229,2025-08-20,13:10:42,5,ORD00229
230,2025-09-17,17:08:06,4,ORD00230
231,2025-08-10,06:11:36,1,ORD00231
232,2025-08-30,18:44:33,4,ORD00232
233,2025-08-08,15:05:54,4,ORD00233
234,2025-08-18,09:48:20,5,ORD00234
235,2025-08-17,18:29:08,5,ORD00235
236,2025-07-30,09:05:08,1,ORD00236
237,2025-08-01,23:20:06,5,ORD00237
238,2025-09-01,07:27:38,1,ORD00238
239,2025-08-30,09:15:16,4,ORD00239
240,2025-08-04,12:34:03,2,ORD00240
241,2025-07-28,01:55:34,5,ORD00241
242,2025-07-31,01:42:26,1,ORD00242
243,2025-09-05,21:47:00,1,ORD00243
244,2025-08-25,02:11:07,5,ORD00244
245,2025-09-10,16:18:44,5,ORD00245
246,2025-08-22,02:49:32,4,ORD00246
247,2025-09-05,08:03:49,1,ORD00247
248,2025-08-16,10:35:41,2,ORD00248
249,2025-08-08,20:49:49,4,ORD00249
250,2025-09-23,16:18:14,4,ORD00250
251,2025-08-28,19:19:58,5,ORD00251
252,2025-08-16,03:16:42,4,ORD00252
253,2025-07-31,19:40:12,3,ORD00253
254,2025-09-05,12:38:50,3,ORD00254
255,2025-09-13,12:48:44,1,ORD00255
256,2025-08-21,05:47:22,1,ORD00256
257,2025-08-14,09:46:45,4,ORD00257
258,2025-07-29,01:57:20,2,ORD00258
259,2025-08-11,14:28:20,2,ORD00259
260,2025-08-09,11:11:19,5,ORD00260
261,2025-09-15,14:22:08,1,ORD00261
262,2025-09-10,21:21:29,5,ORD00262
263,2025-09-06,03:26:35,2,ORD00263
264,2025-08-20,22:06:12,4,ORD00264
265,2025-08-26,11:06:51,2,ORD00265
266,2025-07-28,20:56:31,1,ORD00266
267,2025-08-28,06:12:48,3,ORD00267
268,2025-09-03,17:20:28,1,ORD00268
269,2025-09-14,21:55:26,3,ORD00269
270,2025-08-02,15:36:41,2,ORD00270
271,2025-08-17,08:40:16,4,ORD00271
272,2025-08-13,17:36:28,5,ORD00272
273,2025-09-05,22:41:47,1,ORD00273
274,2025-08-19,10:05:00,1,ORD00274
275,2025-09-21,11:40:30,4,ORD00275
276,2025-09-19,11:37:40,1,ORD00276
277,2025-08-07,00:44:12,1,ORD00277
278,2025-08-12,00:18:58,4,ORD00278
279,2025-08-28,02:39:42,2,ORD00279
280,2025-09-08,03:26:16,2,ORD00280
281,2025-08-06,01:36:03,4,ORD00281
282,2025-07-29,13:26:27,3,ORD00282
283,2025-09-07,16:58:43,4,ORD00283
284,2025-08-20,12:27:58,4,ORD00284
285,2025-08-17,11:12:23,5,ORD00285
286,2025-09-10,02:29:40,4,ORD00286
287,2025-08-09,11:54:28,5,ORD00287
288,2025-07-30,20:47:54,2,ORD00288
289,2025-09-14,18:53:55,4,ORD00289
290,2025-08-08,15:56:52,2,ORD00290
291,2025-09-13,04:03:42,2,ORD00291
292,2025-09-06,14:18:17,2,ORD00292
293,2025-09-09,21:31:05,4,ORD00293
294,2025-08-15,18:06:21,1,ORD00294
295,2025-08-01,22:33:07,4,ORD00295
296,2025-09-20,15:00:49,1,ORD00296
297,2025-09-06,23:27:10,1,ORD00297
298,2025-09-09,05:59:49,3,ORD00298
299,2025-08-27,11:45:22,2,ORD00299
300,2025-08-18,18:34:30,3,ORD00300
301,2025-09-13,14:33:19,5,ORD00301
302,2025-08-19,09:17:58,4,ORD00302
303,2025-09-16,20:21:43,4,ORD00303
304,2025-08-18,13:38:07,4,ORD00304
305,2025-09-24,07:35:44,1,ORD00305
306,2025-08-02,22:17:30,4,ORD00306
307,2025-09-12,05:54:58,4,ORD00307
308,2025-08-04,01:49:39,2,ORD00308
309,2025-09-06,00:13:49,3,ORD00309
310,2025-08-28,12:50:28,3,ORD00310
311,2025-09-11,11:28:13,3,ORD00311
312,2025-08-05,00:20:58,3,ORD00312
313,2025-08-04,01:32:53,4,ORD00313
314,2025-09-02,05:27:22,2,ORD00314
315,2025-09-21,03:46:29,5,ORD00315
316,2025-08-31,22:53:25,5,ORD00316
317,2025-07-31,16:01:03,3,ORD00317
318,2025-08-20,21:58:27,1,ORD00318
319,2025-09-10,12:48:05,4,ORD00319
320,2025-08-05,02:09:54,1,ORD00320
321,2025-09-14,16:36:43,5,ORD00321
322,2025-08-06,04:43:43,1,ORD00322
323,2025-08-05,00:10:32,2,ORD00323
324,2025-08-06,06:06:12,5,ORD00324
325,2025-08-11,06:29:37,2,ORD00325
326,2025-09-15,14:35:39,2,ORD00326
327,2025-08-10,15:38:14,1,ORD00327
328,2025-08-08,04:23:26,5,ORD00328
329,2025-09-06,16:21:40,5,ORD00329
330,2025-08-22,07:13:18,2,ORD00330
331,2025-08-16,11:33:27,4,ORD00331
332,2025-08-07,00:34:00,1,ORD00332
333,2025-09-12,19:27:00,1,ORD00333
334,2025-08-29,17:21:32,1,ORD00334
335,2025-09-18,08:49:50,5,ORD00335
336,2025-09-15,21:24:29,3,ORD00336
337,2025-07-31,03:48:58,1,ORD00337
338,2025-08-06,19:36:17,4,ORD00338
339,2025-08-11,21:38:43,4,ORD00339
340,2025-09-25,04:48:05,5,ORD00340
341,2025-09-07,08:36:00,4,ORD00341
342,2025-08-25,10:59:43,5,ORD00342
343,2025-08-14,17:49:31,1,ORD00343
344,2025-08-13,02:23:59,4,ORD00344
345,2025-08-29,07:10:12,1,ORD00345
346,2025-09-03,06:48:10,2,ORD00346
347,2025-08-13,19:33:10,3,ORD00347
348,2025-08-01,12:18:58,5,ORD00348
349,2025-08-01,07:59:28,1,ORD00349
350,2025-07-29,02:30:36,4,ORD00350
351,2025-09-07,04:43:56,3,ORD00351
352,2025-08-31,09:44:54,1,ORD00352
353,2025-08-10,08:03:39,2,ORD00353
354,2025-07-28,21:58:45,5,ORD00354
355,2025-07-31,13:23:59,4,ORD00355
356,2025-09-08,05:59:19,5,ORD00356
357,2025-09-18,10:52:03,1,ORD00357
358,2025-08-04,20:26:24,1,ORD00358
359,2025-08-25,16:39:36,1,ORD00359
360,2025-08-19,11:44:10,3,ORD00360
361,2025-09-10,09:24:10,2,ORD00361
362,2025-09-21,14:49:24,5,ORD00362
363,2025-09-11,06:32:35,4,ORD00363
364,2025-08-22,21:49:41,4,ORD00364
365,2025-08-04,16:23:30,1,ORD00365
366,2025-09-14,00:21:38,4,ORD00366
367,2025-09-20,19:46:30,2,ORD00367
368,2025-09-09,11:30:19,5,ORD00368
369,2025-09-13,22:35:21,1,ORD00369
370,2025-09-02,20:20:53,2,ORD00370
371,2025-08-13,23:17:09,4,ORD00371
372,2025-09-16,10:56:51,5,ORD00372
373,2025-08-02,00:07:35,4,ORD00373
374,2025-09-10,11:58:02,4,ORD00374
375,2025-08-03,11:17:39,4,ORD00375
376,2025-09-03,22:48:20,4,ORD00376
377,2025-09-11,08:25:28,3,ORD00377
378,2025-09-21,10:55:46,3,ORD00378
379,2025-09-10,22:17:33,3,ORD00379
380,2025-08-25,13:19:04,1,ORD00380
381,2025-08-18,12:00:58,2,ORD00381
382,2025-09-04,21:33:36,2,ORD00382
383,2025-09-08,20:49:51,1,ORD00383
384,2025-09-01,14:17:42,2,ORD00384
385,2025-09-16,04:54:41,4,ORD00385
386,2025-07-31,10:35:19,4,ORD00386
387,2025-08-10,02:44:24,4,ORD00387
388,2025-09-25,11:47:01,2,ORD00388
389,2025-09-24,15:13:43,4,ORD00389
390,2025-09-07,23:22:48,5,ORD00390
391,2025-09-06,16:32:31,5,ORD00391
392,2025-08-10,09:45:08,4,ORD00392
393,2025-09-04,02:29:56,3,ORD00393
394,2025-08-25,12:42:44,3,ORD00394
395,2025-08-27,22:42:43,3,ORD00395
396,2025-09-09,05:17:42,2,ORD00396
397,2025-08-01,12:40:55,1,ORD00397
398,2025-08-11,03:02:01,4,ORD00398
399,2025-08-22,14:30:22,4,ORD00399
400,2025-09-19,09:06:24,2,ORD00400
401,2025-09-04,20:47:51,1,ORD00401
402,2025-08-07,21:28:38,1,ORD00402
403,2025-08-13,02:37:10,4,ORD00403
404,2025-08-30,19:16:17,4,ORD00404
405,2025-09-20,03:21:39,4,ORD00405
406,2025-08-19,08:47:06,5,ORD00406
407,2025-09-14,22:34:59,5,ORD00407
408,2025-09-08,17:25:40,4,ORD00408
409,2025-08-01,09:19:52,5,ORD00409
410,2025-09-17,19:07:09,3,ORD00410
411,2025-09-25,10:31:00,5,ORD00411
412,2025-09-18,07:47:01,4,ORD00412
413,2025-09-08,04:06:48,1,ORD00413
414,2025-09-18,13:34:25,1,ORD00414
415,2025-08-26,04:56:09,2,ORD00415
416,2025-08-02,12:06:12,4,ORD00416
417,2025-09-22,18:31:03,3,ORD00417
418,2025-09-23,14:16:49,1,ORD00418
419,2025-08-13,20:42:29,1,ORD00419
420,2025-08-28,18:50:02,4,ORD00420
421,2025-07-29,01:06:28,2,ORD00421
422,2025-09-02,11:05:09,5,ORD00422
423,2025-09-05,17:48:35,3,ORD00423
424,2025-09-08,13:34:55,1,ORD00424
425,2025-09-18,10:52:39,3,ORD00425
426,2025-09-24,19:23:41,3,ORD00426
427,2025-08-20,00:46:38,4,ORD00427
428,2025-09-10,18:50:32,3,ORD00428
429,2025-08-31,00:53:48,3,ORD00429
430,2025-08-22,20:50:46,4,ORD00430
431,2025-09-15,12:56:36,1,ORD00431
432,2025-08-27,23:13:04,5,ORD00432
433,2025-09-16,13:50:00,1,ORD00433
434,2025-09-05,22:16:47,3,ORD00434
435,2025-08-15,16:17:44,4,ORD00435
436,2025-08-13,19:57:10,4,ORD00436
437,2025-08-06,06:32:42,1,ORD00437
438,2025-08-30,13:09:13,5,ORD00438
439,2025-08-22,11:09:34,2,ORD00439
440,2025-08-08,21:14:18,1,ORD00440
441,2025-08-22,23:59:41,3,ORD00441
442,2025-09-21,20:14:03,3,ORD00442
443,2025-09-13,15:11:40,3,ORD00443
444,2025-08-17,21:25:49,1,ORD00444
445,2025-08-24,13:00:12,3,ORD00445
446,2025-09-08,03:21:27,4,ORD00446
447,2025-09-01,05:34:35,5,ORD00447
448,2025-08-29,03:52:53,4,ORD00448
449,2025-09-05,09:00:36,2,ORD00449
450,2025-09-05,08:36:21,3,ORD00450
451,2025-08-24,19:10:48,3,ORD00451
452,2025-08-22,13:37:05,3,ORD00452
453,2025-08-29,10:51:20,1,ORD00453
454,2025-08-01,12:49:56,2,ORD00454
455,2025-08-29,20:53:30,5,ORD00455
456,2025-08-25,16:54:14,1,ORD00456
457,2025-08-20,12:03:21,3,ORD00457
458,2025-09-07,13:01:06,2,ORD00458
459,2025-09-09,14:45:32,2,ORD00459
460,2025-08-13,08:24:00,3,ORD00460
461,2025-07-29,13:07:40,4,ORD00461
462,2025-08-07,03:11:53,2,ORD00462
463,2025-09-19,15:45:49,5,ORD00463
464,2025-08-21,05:23:11,4,ORD00464
465,2025-09-19,02:12:48,4,ORD00465
466,2025-09-19,00:27:47,4,ORD00466
467,2025-08-11,06:38:49,5,ORD00467
468,2025-08-31,15:21:03,5,ORD00468
469,2025-09-12,19:53:45,5,ORD00469
470,2025-09-13,10:12:04,4,ORD00470
471,2025-09-11,20:00:34,4,ORD00471
472,2025-08-23,05:08:30,3,ORD00472
473,2025-09-21,05:04:09,1,ORD00473
474,2025-08-12,00:54:01,4,ORD00474
475,2025-09-02,11:09:16,4,ORD00475
476,2025-08-13,04:37:17,3,ORD00476
477,2025-09-16,18:57:08,3,ORD00477
478,2025-09-04,10:09:43,5,ORD00478
479,2025-09-16,23:08:29,3,ORD00479
480,2025-09-05,06:26:17,3,ORD00480
481,2025-09-19,03:30:02,1,ORD00481
482,2025-09-19,18:57:35,2,ORD00482
483,2025-08-07,21:46:04,4,ORD00483
484,2025-09-04,17:56:59,5,ORD00484
485,2025-08-25,02:23:14,5,ORD00485
486,2025-09-12,15:51:25,3,ORD00486
487,2025-09-25,08:25:49,3,ORD00487
488,2025-07-30,09:37:59,3,ORD00488
489,2025-09-17,14:28:21,3,ORD00489
490,2025-08-23,18:57:49,4,ORD00490
491,2025-08-13,13:27:22,3,ORD00491
492,2025-08-24,16:29:49,5,ORD00492
493,2025-08-15,19:19:58,5,ORD00493
494,2025-08-08,16:43:55,4,ORD00494
495,2025-08-22,20:36:35,5,ORD00495
496,2025-09-02,13:45:25,4,ORD00496
497,2025-09-24,03:47:57,2,ORD00497
498,2025-07-31,20:18:58,5,ORD00498
499,2025-08-12,03:48:31,3,ORD00499
500,2025-09-25,11:40:51,3,ORD00500
501,2025-08-30,13:56:39,1,ORD00501
502,2025-08-16,02:31:24,2,ORD00502
503,2025-08-24,07:22:19,1,ORD00503
504,2025-07-29,00:04:20,2,ORD00504
505,2025-08-16,10:23:25,1,ORD00505
506,2025-08-25,08:57:59,3,ORD00506
507,2025-08-14,13:47:59,3,ORD00507
508,2025-09-24,21:07:24,1,ORD00508
509,2025-09-21,10:24:26,3,ORD00509
510,2025-08-06,06:24:49,4,ORD00510
511,2025-07-30,05:53:47,1,ORD00511
512,2025-08-13,09:07:50,1,ORD00512
513,2025-09-03,01:39:12,1,ORD00513
514,2025-08-11,15:41:16,2,ORD00514
515,2025-08-21,01:41:22,5,ORD00515
516,2025-08-01,09:10:26,3,ORD00516
517,2025-09-01,01:11:49,1,ORD00517
518,2025-09-10,12:58:15,4,ORD00518
519,2025-09-17,12:14:49,1,ORD00519
520,2025-08-19,12:15:30,2,ORD00520
521,2025-09-18,12:58:31,3,ORD00521
522,2025-09-07,20:02:39,5,ORD00522
523,2025-09-08,11:56:01,1,ORD00523
524,2025-08-06,08:09:26,3,ORD00524
525,2025-08-12,06:24:54,2,ORD00525
526,2025-08-13,04:52:46,1,ORD00526
527,2025-09-16,03:47:07,2,ORD00527
528,2025-09-03,14:03:11,4,ORD00528
529,2025-08-02,22:57:26,1,ORD00529
530,2025-09-16,05:08:56,5,ORD00530
531,2025-07-30,10:30:39,3,ORD00531
532,2025-08-04,02:29:30,3,ORD00532
533,2025-08-11,08:14:27,2,ORD00533
534,2025-08-30,21:16:30,1,ORD00534
535,2025-09-20,14:58:09,4,ORD00535
536,2025-08-15,19:20:22,4,ORD00536
537,2025-08-18,21:10:40,2,ORD00537
538,2025-08-30,05:47:59,4,ORD00538
539,2025-08-23,10:06:38,1,ORD00539
540,2025-09-12,13:27:09,5,ORD00540
541,2025-08-03,19:48:21,3,ORD00541
542,2025-09-03,23:27:05,1,ORD00542
543,2025-08-03,02:15:53,1,ORD00543
544,2025-08-15,14:48:10,2,ORD00544
545,2025-09-19,09:21:55,4,ORD00545
546,2025-09-25,23:42:59,3,ORD00546
547,2025-09-12,15:13:45,3,ORD00547
548,2025-07-30,17:17:44,3,ORD00548
549,2025-09-04,09:01:08,3,ORD00549
550,2025-09-22,18:05:48,4,ORD00550
551,2025-08-19,14:10:59,3,ORD00551
552,2025-09-15,14:14:40,1,ORD00552
553,2025-09-19,23:04:29,5,ORD00553
554,2025-09-22,20:49:36,1,ORD00554
555,2025-09-17,05:44:41,5,ORD00555
556,2025-08-05,07:23:39,3,ORD00556
557,2025-09-07,21:43:55,1,ORD00557
558,2025-09-01,00:27:19,2,ORD00558
559,2025-09-16,03:34:20,1,ORD00559
560,2025-09-24,09:17:33,2,ORD00560
561,2025-08-29,07:45:42,5,ORD00561
562,2025-09-02,17:35:08,4,ORD00562
563,2025-09-07,23:58:29,1,ORD00563
564,2025-08-03,13:20:43,2,ORD00564
565,2025-08-05,20:39:58,5,ORD00565
566,2025-08-25,23:54:44,5,ORD00566
567,2025-08-12,17:49:30,2,ORD00567
568,2025-08-22,10:48:51,2,ORD00568
569,2025-08-07,11:09:23,3,ORD00569
570,2025-09-12,14:51:34,4,ORD00570
571,2025-08-25,18:33:32,4,ORD00571
572,2025-09-24,15:08:09,3,ORD00572
573,2025-07-29,18:48:57,2,ORD00573
574,2025-08-28,00:45:23,1,ORD00574
575,2025-09-14,12:36:47,3,ORD00575
576,2025-09-25,03:59:13,4,ORD00576
577,2025-08-03,19:08:26,2,ORD00577
578,2025-08-02,18:19:50,4,ORD00578
579,2025-08-18,21:10:18,3,ORD00579
580,2025-09-17,03:02:33,4,ORD00580
581,2025-08-08,18:34:47,2,ORD00581
582,2025-08-16,17:01:57,3,ORD00582
583,2025-08-12,08:20:34,4,ORD00583
584,2025-08-24,07:32:22,3,ORD00584
585,2025-09-06,02:27:46,3,ORD00585
586,2025-09-07,07:29:37,1,ORD00586
587,2025-08-01,22:12:21,4,ORD00587
588,2025-08-14,10:23:28,3,ORD00588
589,2025-09-06,13:23:43,1,ORD00589
590,2025-08-23,15:21:56,3,ORD00590
591,2025-08-29,16:18:00,2,ORD00591
592,2025-07-31,07:21:52,1,ORD00592
593,2025-08-18,15:55:43,4,ORD00593
594,2025-09-25,02:54:43,1,ORD00594
595,2025-09-14,09:49:12,5,ORD00595
596,2025-08-18,01:52:12,4,ORD00596
597,2025-08-14,06:15:05,2,ORD00597
598,2025-07-28,21:26:31,1,ORD00598
599,2025-09-06,20:35:51,2,ORD00599
600,2025-08-15,16:27:16,4,ORD00600
601,2025-07-31,11:02:32,5,ORD00601
602,2025-09-18,14:06:53,1,ORD00602
603,2025-08-11,23:37:23,1,ORD00603
604,2025-08-05,20:45:52,3,ORD00604
605,2025-09-05,02:54:23,1,ORD00605
606,2025-08-03,02:13:44,5,ORD00606
607,2025-07-28,12:30:13,3,ORD00607
608,2025-07-31,14:28:53,1,ORD00608
609,2025-08-25,19:58:43,2,ORD00609
610,2025-09-11,23:14:58,1,ORD00610
611,2025-08-26,01:49:46,3,ORD00611
612,2025-07-31,20:56:16,5,ORD00612
613,2025-08-03,16:29:16,1,ORD00613
614,2025-09-12,20:35:01,4,ORD00614
615,2025-09-15,22:55:44,1,ORD00615
616,2025-09-05,09:45:32,4,ORD00616
617,2025-08-13,18:13:28,3,ORD00617
618,2025-09-06,08:22:21,4,ORD00618
619,2025-08-19,09:58:16,4,ORD00619
620,2025-09-17,12:41:45,2,ORD00620
621,2025-09-18,22:33:24,2,ORD00621
622,2025-08-17,13:13:19,3,ORD00622
623,2025-08-30,19:54:13,4,ORD00623
624,2025-09-08,11:06:00,5,ORD00624
625,2025-08-15,16:06:44,4,ORD00625
626,2025-08-25,09:29:00,5,ORD00626
627,2025-08-26,14:27:12,5,ORD00627
628,2025-08-19,16:31:34,4,ORD00628
629,2025-09-20,13:39:45,2,ORD00629
630,2025-08-20,18:49:24,2,ORD00630
631,2025-08-04,20:34:49,3,ORD00631
632,2025-07-28,22:35:32,5,ORD00632
633,2025-08-21,09:33:41,2,ORD00633
634,2025-08-17,13:20:43,1,ORD00634
635,2025-08-21,04:10:45,3,ORD00635
636,2025-08-14,00:11:12,5,ORD00636
637,2025-09-06,05:28:50,5,ORD00637
638,2025-09-09,14:40:25,3,ORD00638
639,2025-08-30,16:23:09,2,ORD00639
640,2025-09-22,22:14:57,4,ORD00640
641,2025-09-01,14:32:34,1,ORD00641
642,2025-08-08,10:52:16,5,ORD00642
643,2025-09-08,22:27:16,1,ORD00643
644,2025-09-25,18:31:02,1,ORD00644
645,2025-09-25,20:00:42,1,ORD00645
646,2025-09-17,04:57:54,5,ORD00646
647,2025-09-08,15:17:41,3,ORD00647
648,2025-09-21,11:40:36,1,ORD00648
649,2025-08-31,18:21:04,2,ORD00649
650,2025-08-18,10:40:07,1,ORD00650
651,2025-08-14,17:35:40,5,ORD00651
652,2025-09-04,16:44:24,4,ORD00652
653,2025-09-09,07:07:31,4,ORD00653
654,2025-08-15,08:04:54,4,ORD00654
655,2025-09-10,07:33:31,4,ORD00655
656,2025-09-13,05:02:31,1,ORD00656
657,2025-08-05,05:28:42,1,ORD00657
658,2025-09-21,00:13:14,4,ORD00658
659,2025-09-08,17:44:56,1,ORD00659
660,2025-08-21,11:34:37,4,ORD00660
661,2025-08-23,01:09:59,3,ORD00661
662,2025-08-17,02:37:27,3,ORD00662
663,2025-08-24,10:04:07,3,ORD00663
664,2025-08-08,23:50:28,5,ORD00664
665,2025-09-20,23:28:32,2,ORD00665
666,2025-08-28,13:44:35,2,ORD00666
667,2025-09-21,11:44:51,2,ORD00667
668,2025-09-01,03:04:04,2,ORD00668
669,2025-09-04,14:49:30,3,ORD00669
670,2025-09-17,07:01:31,1,ORD00670
671,2025-08-18,08:08:52,5,ORD00671
672,2025-08-13,13:31:33,2,ORD00672
673,2025-08-31,22:37:29,2,ORD00673
674,2025-08-25,01:10:18,5,ORD00674
675,2025-08-24,09:38:15,4,ORD00675
676,2025-09-24,00:38:29,4,ORD00676
677,2025-09-25,16:50:46,4,ORD00677
678,2025-08-13,07:59:29,2,ORD00678
679,2025-09-15,08:07:04,3,ORD00679
680,2025-08-05,08:46:16,4,ORD00680
681,2025-09-09,18:23:30,2,ORD00681
682,2025-08-04,00:33:18,4,ORD00682
683,2025-09-22,21:39:42,2,ORD00683
684,2025-08-05,10:08:35,1,ORD00684
685,2025-07-30,15:01:04,4,ORD00685
686,2025-09-02,15:39:46,5,ORD00686
687,2025-08-29,02:43:51,5,ORD00687
688,2025-09-10,22:34:45,5,ORD00688
689,2025-09-05,09:13:28,3,ORD00689
690,2025-09-05,19:14:38,1,ORD00690
691,2025-09-21,13:38:29,2,ORD00691
692,2025-08-07,22:53:33,1,ORD00692
693,2025-08-12,18:38:13,4,ORD00693
694,2025-08-06,01:20:04,2,ORD00694
695,2025-08-20,22:35:42,1,ORD00695
696,2025-08-08,14:41:44,4,ORD00696
697,2025-09-19,00:11:50,3,ORD00697
698,2025-09-07,20:06:05,4,ORD00698
699,2025-09-25,10:00:24,2,ORD00699
700,2025-08-15,12:41:36,2,ORD00700
701,2025-09-24,13:16:50,2,ORD00701
702,2025-07-28,01:30:02,4,ORD00702
703,2025-09-04,11:10:50,5,ORD00703
704,2025-08-28,01:57:00,4,ORD00704
705,2025-09-18,05:26:14,2,ORD00705
706,2025-08-05,22:18:57,3,ORD00706
707,2025-09-14,13:24:54,1,ORD00707
708,2025-08-14,23:24:07,3,ORD00708
709,2025-09-03,15:30:57,3,ORD00709
710,2025-09-15,19:27:44,1,ORD00710
711,2025-09-01,23:24:38,2,ORD00711
712,2025-09-11,09:24:37,2,ORD00712
713,2025-08-17,17:15:27,4,ORD00713
714,2025-09-24,23:42:11,4,ORD00714
715,2025-08-26,01:35:02,5,ORD00715
716,2025-08-14,07:06:44,5,ORD00716
717,2025-09-11,15:11:19,5,ORD00717
718,2025-08-23,10:04:11,5,ORD00718
719,2025-08-31,05:05:48,1,ORD00719
720,2025-09-01,19:14:16,5,ORD00720
721,2025-08-21,18:23:32,3,ORD00721
722,2025-08-14,12:47:42,4,ORD00722
723,2025-09-01,13:12:40,4,ORD00723
724,2025-08-01,21:41:16,4,ORD00724
725,2025-08-11,16:27:21,4,ORD00725
726,2025-09-03,16:15:16,5,ORD00726
727,2025-08-20,20:27:39,5,ORD00727
728,2025-08-25,06:31:15,1,ORD00728
729,2025-08-10,21:24:15,1,ORD00729
730,2025-08-05,19:32:04,4,ORD00730
731,2025-08-09,12:14:39,1,ORD00731
732,2025-08-02,23:14:32,4,ORD00732
733,2025-08-01,07:48:40,4,ORD00733
734,2025-09-12,09:24:38,5,ORD00734
735,2025-08-20,00:40:18,3,ORD00735
736,2025-09-21,16:53:11,5,ORD00736
737,2025-08-03,00:23:11,1,ORD00737
738,2025-09-20,15:50:15,4,ORD00738
739,2025-08-07,17:15:16,3,ORD00739
740,2025-09-12,02:03:05,4,ORD00740
741,2025-09-25,17:12:54,1,ORD00741
742,2025-08-26,04:56:54,4,ORD00742
743,2025-08-04,21:40:11,4,ORD00743
744,2025-08-18,20:39:39,5,ORD00744
745,2025-07-31,20:03:30,5,ORD00745
746,2025-09-10,05:24:14,5,ORD00746
747,2025-08-12,00:02:06,3,ORD00747
748,2025-08-13,12:19:52,1,ORD00748
749,2025-07-28,16:59:15,5,ORD00749
750,2025-09-04,14:29:31,1,ORD00750
751,2025-09-10,14:14:57,3,ORD00751
752,2025-09-24,11:40:44,2,ORD00752
753,2025-07-29,02:02:47,2,ORD00753
754,2025-07-31,04:01:16,5,ORD00754
755,2025-09-21,12:31:12,4,ORD00755
756,2025-08-07,04:54:06,1,ORD00756
757,2025-08-20,08:51:32,5,ORD00757
758,2025-08-21,23:39:12,5,ORD00758
759,2025-08-26,03:14:25,1,ORD00759
760,2025-09-24,16:12:30,5,ORD00760
761,2025-09-20,15:08:18,4,ORD00761
762,2025-08-02,18:29:14,4,ORD00762
763,2025-09-24,11:03:18,1,ORD00763
764,2025-09-22,02:09:28,5,ORD00764
765,2025-09-04,17:45:01,1,ORD00765
766,2025-09-06,15:54:49,4,ORD00766
767,2025-08-20,20:12:24,2,ORD00767
768,2025-08-27,06:14:44,1,ORD00768
769,2025-08-11,12:02:47,4,ORD00769
770,2025-09-07,21:01:29,5,ORD00770
771,2025-07-28,12:55:31,5,ORD00771
772,2025-09-04,06:47:28,3,ORD00772
773,2025-08-02,06:55:42,5,ORD00773
774,2025-08-30,00:40:15,5,ORD00774
775,2025-09-13,06:37:07,4,ORD00775
776,2025-09-06,02:37:50,4,ORD00776
777,2025-09-23,02:54:59,2,ORD00777
778,2025-09-13,05:33:52,5,ORD00778
779,2025-08-05,09:44:35,4,ORD00779
780,2025-07-28,15:31:50,3,ORD00780
781,2025-08-03,13:54:53,2,ORD00781
782,2025-07-28,18:36:49,5,ORD00782
783,2025-09-02,15:39:20,3,ORD00783
784,2025-07-28,13:12:35,4,ORD00784
785,2025-08-28,17:40:25,2,ORD00785
786,2025-09-25,05:56:06,4,ORD00786
787,2025-09-21,16:53:31,5,ORD00787
788,2025-08-24,10:21:13,3,ORD00788
789,2025-08-10,06:32:46,5,ORD00789
790,2025-08-21,15:46:35,2,ORD00790
791,2025-08-29,18:05:53,1,ORD00791
792,2025-08-07,14:08:28,2,ORD00792
793,2025-08-25,13:06:05,2,ORD00793
794,2025-09-05,07:50:11,4,ORD00794
795,2025-08-10,18:27:33,1,ORD00795
796,2025-09-23,18:46:38,4,ORD00796
797,2025-08-12,21:38:29,1,ORD00797
798,2025-09-15,13:26:21,3,ORD00798
799,2025-08-03,01:31:00,2,ORD00799
800,2025-08-13,22:27:39,2,ORD00800
801,2025-09-19,02:04:13,4,ORD00801
802,2025-09-04,01:36:02,2,ORD00802
803,2025-08-26,07:06:09,3,ORD00803
804,2025-09-09,11:56:27,5,ORD00804
805,2025-09-21,06:18:02,4,ORD00805
806,2025-09-22,01:28:51,2,ORD00806
807,2025-08-19,13:31:47,4,ORD00807
808,2025-09-16,13:15:36,3,ORD00808
809,2025-09-15,15:45:15,2,ORD00809
810,2025-08-19,10:17:53,4,ORD00810
811,2025-08-26,07:14:41,1,ORD00811
812,2025-09-22,14:35:18,3,ORD00812
813,2025-08-24,11:03:41,3,ORD00813
814,2025-08-06,06:14:29,1,ORD00814
815,2025-09-07,19:59:08,3,ORD00815
816,2025-09-10,13:09:22,3,ORD00816
817,2025-09-17,02:28:37,2,ORD00817
818,2025-09-19,23:34:51,3,ORD00818
819,2025-09-06,15:07:38,4,ORD00819
820,2025-07-30,19:10:10,3,ORD00820
821,2025-08-25,00:31:13,2,ORD00821
822,2025-08-25,11:32:13,5,ORD00822
823,2025-09-04,20:26:46,4,ORD00823
824,2025-08-24,15:18:00,3,ORD00824
825,2025-08-06,21:48:23,1,ORD00825
826,2025-09-06,14:37:30,2,ORD00826
827,2025-08-06,16:05:22,1,ORD00827
828,2025-08-06,21:47:06,4,ORD00828
829,2025-08-11,17:49:49,5,ORD00829
830,2025-09-24,10:34:08,1,ORD00830
831,2025-09-16,22:36:43,3,ORD00831
832,2025-09-15,20:56:38,4,ORD00832
833,2025-07-31,01:35:10,3,ORD00833
834,2025-09-15,18:55:08,5,ORD00834
835,2025-09-25,11:37:51,2,ORD00835
836,2025-08-03,16:39:10,3,ORD00836
837,2025-08-20,06:45:10,5,ORD00837
838,2025-09-03,10:04:01,1,ORD00838
839,2025-08-01,03:15:54,1,ORD00839
840,2025-09-04,07:05:10,4,ORD00840
841,2025-09-16,13:32:48,4,ORD00841
842,2025-09-13,11:24:24,4,ORD00842
843,2025-08-14,11:39:58,5,ORD00843
844,2025-08-29,23:36:28,4,ORD00844
845,2025-08-20,20:12:42,3,ORD00845
846,2025-08-24,03:44:48,1,ORD00846
847,2025-08-15,13:12:17,3,ORD00847
848,2025-08-13,01:55:21,3,ORD00848
849,2025-09-17,21:53:31,2,ORD00849
850,2025-08-13,15:25:27,3,ORD00850
851,2025-09-10,23:23:50,3,ORD00851
852,2025-09-23,03:53:56,2,ORD00852
853,2025-09-15,15:14:51,5,ORD00853
854,2025-09-24,19:49:51,5,ORD00854
855,2025-09-24,16:38:06,4,ORD00855
856,2025-08-29,09:22:52,4,ORD00856
857,2025-09-20,06:54:06,5,ORD00857
858,2025-09-18,10:57:50,2,ORD00858
859,2025-08-19,22:10:11,5,ORD00859
860,2025-09-23,07:46:23,3,ORD00860
861,2025-08-06,12:45:05,2,ORD00861
862,2025-09-10,07:56:50,2,ORD00862
863,2025-08-15,16:56:45,1,ORD00863
864,2025-09-23,16:25:16,2,ORD00864
865,2025-08-31,15:26:20,5,ORD00865
866,2025-08-10,16:07:34,5,ORD00866
867,2025-08-11,15:42:19,4,ORD00867
868,2025-08-01,06:34:55,5,ORD00868
869,2025-07-30,14:36:35,3,ORD00869
870,2025-08-03,13:17:52,3,ORD00870
871,2025-08-15,20:44:36,3,ORD00871
872,2025-08-08,09:10:02,2,ORD00872
873,2025-09-24,18:01:37,1,ORD00873
874,2025-09-20,13:21:23,5,ORD00874
875,2025-09-19,20:55:54,4,ORD00875
876,2025-08-15,17:32:42,3,ORD00876
877,2025-08-08,23:52:50,5,ORD00877
878,2025-09-23,02:37:47,3,ORD00878
879,2025-08-12,03:05:50,3,ORD00879
880,2025-08-19,17:00:11,1,ORD00880
881,2025-07-29,20:39:25,4,ORD00881
882,2025-08-28,08:31:40,3,ORD00882
883,2025-08-15,19:28:06,4,ORD00883
884,2025-09-08,13:58:59,2,ORD00884
885,2025-07-31,21:19:16,3,ORD00885
886,2025-07-30,08:40:42,2,ORD00886
887,2025-08-14,15:11:06,4,ORD00887
888,2025-08-21,08:53:18,4,ORD00888
889,2025-09-16,01:38:08,3,ORD00889
890,2025-09-12,14:05:45,2,ORD00890
891,2025-08-26,06:15:04,4,ORD00891
892,2025-09-10,13:24:37,5,ORD00892
893,2025-07-31,14:19:33,3,ORD00893
894,2025-09-18,07:39:38,4,ORD00894
895,2025-08-19,14:22:59,4,ORD00895
896,2025-08-18,01:05:00,4,ORD00896
897,2025-08-13,05:10:21,1,ORD00897
898,2025-09-20,09:52:36,3,ORD00898
899,2025-09-11,08:32:19,3,ORD00899
900,2025-09-22,13:31:28,4,ORD00900
901,2025-09-06,17:36:34,2,ORD00901
902,2025-08-23,09:07:22,1,ORD00902
903,2025-08-03,06:12:08,2,ORD00903
904,2025-09-24,13:55:01,5,ORD00904
905,2025-09-14,15:14:16,5,ORD00905
906,2025-08-13,18:40:42,5,ORD00906
907,2025-09-11,07:03:03,4,ORD00907
908,2025-08-17,01:37:38,1,ORD00908
909,2025-08-19,14:02:47,3,ORD00909
910,2025-08-06,10:35:12,5,ORD00910
911,2025-08-22,14:43:34,1,ORD00911
912,2025-08-26,02:28:35,4,ORD00912
913,2025-09-21,11:21:51,5,ORD00913
914,2025-08-30,10:23:31,1,ORD00914
915,2025-08-12,09:42:27,1,ORD00915
916,2025-09-18,15:09:18,3,ORD00916
917,2025-08-27,03:38:51,3,ORD00917
918,2025-08-11,12:17:10,3,ORD00918
919,2025-08-04,04:38:24,1,ORD00919
920,2025-09-12,04:13:50,4,ORD00920
921,2025-09-20,08:48:58,2,ORD00921
922,2025-07-31,16:10:54,5,ORD00922
923,2025-09-12,04:15:06,2,ORD00923
924,2025-07-28,13:19:03,2,ORD00924
925,2025-09-18,17:40:35,2,ORD00925
926,2025-09-13,10:38:58,4,ORD00926
927,2025-08-27,19:28:58,4,ORD00927
928,2025-09-05,22:16:46,3,ORD00928
929,2025-08-14,11:27:28,4,ORD00929
930,2025-09-25,07:28:20,5,ORD00930
931,2025-09-07,14:15:20,2,ORD00931
932,2025-08-23,02:30:40,2,ORD00932
933,2025-08-14,19:24:33,4,ORD00933
934,2025-08-05,15:01:40,3,ORD00934
935,2025-08-22,02:57:33,4,ORD00935
936,2025-09-23,05:19:49,1,ORD00936
937,2025-09-20,15:10:32,4,ORD00937
938,2025-09-22,19:54:54,3,ORD00938
939,2025-09-13,10:04:00,1,ORD00939
940,2025-09-18,23:04:16,2,ORD00940
941,2025-08-12,07:34:53,3,ORD00941
942,2025-08-26,20:27:06,3,ORD00942
943,2025-08-15,23:18:57,2,ORD00943
944,2025-08-08,11:35:02,5,ORD00944
945,2025-08-24,03:47:07,1,ORD00945
946,2025-09-08,03:43:40,1,ORD00946
947,2025-08-03,10:11:19,3,ORD00947
948,2025-08-20,12:53:10,5,ORD00948
949,2025-09-25,20:05:57,3,ORD00949
950,2025-08-03,12:07:57,5,ORD00950
951,2025-08-13,01:33:52,2,ORD00951
952,2025-08-11,16:54:21,5,ORD00952
953,2025-08-22,11:12:47,4,ORD00953
954,2025-09-16,03:28:02,2,ORD00954
955,2025-08-01,08:50:53,4,ORD00955
956,2025-08-24,07:48:52,4,ORD00956
957,2025-08-30,03:29:54,4,ORD00957
958,2025-08-31,11:41:10,5,ORD00958
959,2025-08-22,12:40:06,4,ORD00959
960,2025-08-10,12:21:34,5,ORD00960
961,2025-08-07,07:57:43,5,ORD00961
962,2025-09-16,14:32:36,3,ORD00962
963,2025-07-29,21:11:35,4,ORD00963
964,2025-08-17,06:43:12,5,ORD00964
965,2025-08-11,04:34:19,2,ORD00965
966,2025-09-11,08:12:19,4,ORD00966
967,2025-08-29,14:39:06,1,ORD00967
968,2025-09-23,19:16:11,5,ORD00968
969,2025-08-21,16:41:06,4,ORD00969
970,2025-09-12,01:02:06,3,ORD00970
971,2025-08-31,06:00:34,5,ORD00971
972,2025-08-07,14:50:35,2,ORD00972
973,2025-08-20,01:04:36,5,ORD00973
974,2025-08-29,00:59:09,1,ORD00974
975,2025-08-06,00:20:55,2,ORD00975
976,2025-08-04,21:56:33,5,ORD00976
977,2025-08-30,13:59:24,3,ORD00977
978,2025-08-08,22:17:56,1,ORD00978
979,2025-08-07,23:07:06,4,ORD00979
980,2025-08-26,16:26:59,4,ORD00980
981,2025-08-09,04:13:17,1,ORD00981
982,2025-09-13,06:45:57,3,ORD00982
983,2025-08-12,14:49:31,4,ORD00983
984,2025-08-19,12:57:18,5,ORD00984
985,2025-09-06,12:19:14,3,ORD00985
986,2025-09-06,12:43:52,5,ORD00986
987,2025-09-11,03:32:15,4,ORD00987
988,2025-08-12,07:58:03,4,ORD00988
989,2025-09-08,05:17:09,1,ORD00989
990,2025-09-02,18:41:24,2,ORD00990
991,2025-08-25,01:58:24,3,ORD00991
992,2025-08-10,00:44:48,1,ORD00992
993,2025-08-01,19:00:03,4,ORD00993
994,2025-08-17,19:50:26,1,ORD00994
995,2025-08-31,12:35:20,2,ORD00995
996,2025-08-20,20:10:26,4,ORD00996
997,2025-08-10,09:17:12,4,ORD00997
998,2025-08-31,04:41:03,5,ORD00998
999,2025-09-12,11:16:46,1,ORD00999
1000,2025-08-09,01:42:08,3,ORD01000
